product_name,order_id,price,quantity,comments
Strongtam,15,75.00,4,
Solo-In,80,19.00,3,
Ran Kayzap,55,20.00,4,
Donis,92,17.00,1,
Ecoeco,91,82.00,4,
Spanfind,89,22.00,3,
Mat Danin,30,55.00,4,
Stimstring,87,24.00,1,
Anzamlax,97,79.00,1,
Temp Tip,79,70.00,4,
Redtom,18,20.00,4,
Duo-Kix,90,18.00,3,
Ron-Flex,42,24.00,4,
Vilaity,14,53.00,2,
Runhome,3,2.00,3,
K-qvokix,87,31.00,3,
Zer Dax,43,10.00,4,
Qvo-Is,59,22.00,4,
Statquaddax,87,99.00,2,
X-gostrong,96,49.00,4,
Dentodox,18,12.00,4,
Sil-Ity,98,26.00,4,
Trans Zimnix,53,45.00,2,
Donnix,65,36.00,4,
Strongtam,41,50.00,4,
Solo-In,98,27.00,1,
Ran Kayzap,61,28.00,3,
Donis,94,3.00,1,
Ecoeco,36,28.00,1,
Spanfind,84,87.00,4,
Mat Danin,11,18.00,2,
Stimstring,32,67.00,4,
Anzamlax,13,57.00,2,
Temp Tip,89,22.00,2,
Redtom,45,40.00,1,
Duo-Kix,99,29.00,4,
Ron-Flex,48,35.00,3,
Vilaity,33,96.00,2,
Runhome,3,71.00,2,
K-qvokix,56,46.00,2,
Zer Dax,37,90.00,1,
Qvo-Is,67,69.00,4,
Statquaddax,21,40.00,3,
X-gostrong,17,59.00,2,
Dentodox,70,26.00,3,
Sil-Ity,96,54.00,3,
Trans Zimnix,28,89.00,3,
Donnix,92,88.00,3,
Strongtam,13,32.00,2,
Solo-In,39,49.00,2,
Ran Kayzap,10,6.00,3,
Donis,91,17.00,2,
Ecoeco,24,83.00,2,
Spanfind,31,58.00,4,
Mat Danin,29,23.00,4,
Stimstring,35,37.00,4,
Anzamlax,82,6.00,4,
Temp Tip,10,13.00,2,
Redtom,85,67.00,3,
Duo-Kix,26,41.00,1,
Ron-Flex,25,13.00,2,
Vilaity,92,65.00,4,
Runhome,39,39.00,2,
K-qvokix,14,33.00,2,
Zer Dax,18,17.00,2,
Qvo-Is,26,89.00,4,
Statquaddax,67,3.00,3,
X-gostrong,16,96.00,3,
Dentodox,73,55.00,4,
Sil-Ity,59,52.00,2,
Trans Zimnix,5,95.00,1,
Donnix,34,10.00,4,
Strongtam,49,43.00,4,
Solo-In,58,84.00,2,
Ran Kayzap,56,30.00,4,
Donis,64,21.00,4,
Ecoeco,37,44.00,4,
Spanfind,31,72.00,3,
Mat Danin,48,100.00,3,
Stimstring,75,44.00,2,
Anzamlax,64,85.00,2,
Temp Tip,80,36.00,4,
Redtom,33,90.00,2,
Duo-Kix,64,23.00,1,
Ron-Flex,93,67.00,4,
Vilaity,28,87.00,2,
Runhome,51,78.00,3,
K-qvokix,45,51.00,4,
Zer Dax,37,79.00,1,
Qvo-Is,58,77.00,4,
Statquaddax,25,91.00,4,
X-gostrong,40,12.00,4,
Dentodox,38,43.00,1,
Sil-Ity,8,83.00,2,
Trans Zimnix,93,85.00,2,
Donnix,22,4.00,4,
Strongtam,24,53.00,1,
Solo-In,80,50.00,4,
Ran Kayzap,17,14.00,1,
Donis,11,31.00,1,
Ecoeco,34,22.00,1,
Spanfind,11,47.00,1,
Mat Danin,21,21.00,4,
Stimstring,34,85.00,3,
Anzamlax,41,31.00,1,
Temp Tip,96,8.00,4,
Redtom,46,9.00,4,
Duo-Kix,79,50.00,3,
Ron-Flex,25,21.00,3,
Vilaity,95,20.00,2,
Runhome,10,62.00,2,
K-qvokix,6,47.00,4,
Zer Dax,55,14.00,2,
Qvo-Is,49,35.00,2,
Statquaddax,41,34.00,4,
X-gostrong,61,84.00,1,
Dentodox,31,5.00,1,
Sil-Ity,16,38.00,4,
Trans Zimnix,61,45.00,1,
Donnix,89,10.00,1,
Strongtam,47,94.00,1,
Solo-In,81,19.00,1,
Ran Kayzap,63,21.00,3,
Donis,78,69.00,1,
Ecoeco,47,77.00,4,
Spanfind,96,40.00,1,
Mat Danin,62,91.00,1,
Stimstring,50,6.00,1,
Anzamlax,36,8.00,3,
Temp Tip,7,17.00,1,
Redtom,23,93.00,4,
Duo-Kix,9,53.00,1,
Ron-Flex,55,8.00,2,
Vilaity,3,2.00,2,
Runhome,51,62.00,4,
K-qvokix,46,73.00,4,
Zer Dax,81,18.00,2,
Qvo-Is,58,74.00,2,
Statquaddax,94,75.00,3,
X-gostrong,42,77.00,2,
Dentodox,86,72.00,3,
Sil-Ity,41,10.00,2,
Trans Zimnix,14,47.00,4,
Donnix,93,92.00,4,
Strongtam,60,48.00,1,
Solo-In,27,7.00,1,
Ran Kayzap,40,37.00,4,
Donis,32,42.00,1,
Ecoeco,55,99.00,4,
Spanfind,28,21.00,3,
Mat Danin,92,42.00,2,
Stimstring,12,30.00,3,
Anzamlax,25,75.00,3,
Temp Tip,16,14.00,1,
Redtom,78,100.00,4,
Duo-Kix,44,3.00,3,
Ron-Flex,56,30.00,3,
Vilaity,92,67.00,4,
Runhome,73,39.00,2,
K-qvokix,48,50.00,4,
Zer Dax,58,76.00,2,
Qvo-Is,6,19.00,1,
Statquaddax,56,65.00,2,
X-gostrong,61,16.00,4,
Dentodox,46,72.00,2,
Sil-Ity,60,31.00,3,
Trans Zimnix,33,22.00,4,
Donnix,52,43.00,3,
Strongtam,59,43.00,4,
Solo-In,90,47.00,2,
Ran Kayzap,12,99.00,4,
Donis,35,17.00,1,
Ecoeco,44,49.00,2,
Spanfind,32,37.00,2,
Mat Danin,36,94.00,3,
Stimstring,38,80.00,3,
Anzamlax,97,6.00,4,
Temp Tip,15,77.00,2,
Redtom,62,76.00,1,
Duo-Kix,49,46.00,1,
Ron-Flex,44,25.00,2,
Vilaity,77,64.00,1,
Runhome,83,27.00,3,
K-qvokix,39,56.00,3,
Zer Dax,72,73.00,2,
Qvo-Is,9,9.00,2,
Statquaddax,38,25.00,2,
X-gostrong,96,44.00,4,
Dentodox,47,81.00,2,
Sil-Ity,9,100.00,4,
Trans Zimnix,92,10.00,1,
Donnix,99,72.00,2,
Strongtam,78,61.00,4,
Solo-In,4,72.00,3,
Ran Kayzap,79,9.00,4,
Donis,34,64.00,4,
Ecoeco,28,86.00,1,
Spanfind,31,75.00,4,
Mat Danin,18,6.00,2,
Stimstring,7,80.00,2,
Anzamlax,22,70.00,4,
Temp Tip,31,36.00,4,
Redtom,14,26.00,2,
Duo-Kix,42,90.00,1,
Ron-Flex,15,3.00,1,
Vilaity,71,38.00,1,
Runhome,80,33.00,1,
K-qvokix,8,39.00,1,
Zer Dax,11,92.00,1,
Qvo-Is,92,8.00,3,
Statquaddax,25,85.00,4,
X-gostrong,65,21.00,2,
Dentodox,44,61.00,3,
Sil-Ity,79,15.00,4,
Trans Zimnix,22,17.00,4,
Donnix,61,16.00,3,
Strongtam,1,18.00,4,
Solo-In,34,4.00,4,
Ran Kayzap,51,52.00,4,
Donis,66,11.00,3,
Ecoeco,49,69.00,2,
Spanfind,96,44.00,3,
Mat Danin,82,78.00,1,
Stimstring,5,16.00,3,
,,,,
,,,,
,,,,
,,,,
,,,,
,,,,
,,,,
,,,,
,,,,
,,,,
,,,,
,,,,
,,,,
,,,,
,,,,
,,,,
